Question,Answer
Как изменить ФИО собственника?,"Для переоформления лицевого счета на нового владельца, собственнику необходимо обратиться в любое отделение АО«Мосэнергосбыт».При себе необходимо иметь следующие документы:Договор купли-продажи;Свидетельство о государственной регистрации права собственности (есликвартира в собственности);Копия финансового лицевого счета из жилищной организации (если квартира муниципальная);Паспорт;Текущие показания прибора учета на день обращения в отделение АО «Мосэнергосбыт».Все документы должны быть представлены в оригинале или копии, заверенные нотариусом.Также оформить заявку на изменения данных с прикреплением необходимых документов можно в Едином личном кабинете физического лица во вкладке «Реквизиты ЛС»/Общая информация/ Изменить, далее в открывшемся списке выбрать «Собственника/нанимателя» при условии, что задолженность предыдущего собственника или нерешенные вопросы по оплате долга предыдущего собственника, отсутствуют. "
Как исправить ошибку (или опечатку) в ФИОсобственника?,"Подать заявку на изменение данных можно в личном кабинете клиента физического лица во вкладке «Реквизиты ЛС»/ Общая информация/ Изменить, далее в открывшемся списке выбрать «ФИО собственника/нанимателя» и приложить подтверждающие документы или, обратившись в Контактный центр по телефону +7 (499) 550-9-550. Часы работы: ежедневно с 08:30 до 20:30. "
Как изменить телефон?,"Изменить номер мобильного телефона можно самостоятельно, для этого необходимо в Личном кабинете клиента перейти в раздел ""Профиль"" и внестиизменения.Для изменения номера стационарного (домашнего) телефона, необходимо обратиться в Контактный центр по телефону:+7 (499) 550-9-550 (ежедневно с 08:30 до 20:30)."
Как изменить количество проживающих?,"Изменить данные о количестве проживающих можно только на основании соответствующего документа, в котором указанасоответствующая информация (например, в копии финансово-лицевого счета, выписке из домовой книги или ЕдиномЖилищном Документе).Представить документ можно любым удобным способом:Подать обращение в Личном кабинете клиента с прикреплением необходимых документов необходимо во вкладке «Реквизиты ЛС»/Общая информация/ Изменить, далее в открывшемся списке выбрать «Количество проживающих»;Направить документ на электронный адрес info@mosenergosbyt.ru;Обратиться в любое отделение АО «Мосэнергосбыт».В обращении необходимо указать свои контактные данные: номер лицевого счета, адрес, контактные телефоны, а такжеинформацию, которую необходимо изменить."
Как изменить количество комнат?,"Изменить данные о количестве комнат можно только на основании соответствующего документа, в котором указанасоответствующая информация (например, в копии финансово-лицевого счета, выписке из домовой книги или ЕдиномЖилищном Документе).Представить документ можно любым удобным способом:Подать обращение в Личном кабинете клиента с прикреплением необходимых документов необходимо во вкладке «Реквизиты ЛС»/Общая информация/ Изменить, далее в открывшемся списке выбрать «Количество комнат»;Направить документ на электронный адрес info@mosenergosbyt.ru;Обратиться в любое отделение АО «Мосэнергосбыт».В обращении необходимо указать свои контактные данные: номер лицевого счета, адрес, контактные телефоны, а такжеинформацию, которую необходимо изменить."
Как изменить площадь квартиры?,"Изменить данные о площади квартиры можно только на основании соответствующего документа, в котором указанасоответствующая информация (например, в копии финансово-лицевого счета, выписке из домовой книги или ЕдиномЖилищном Документе).Представить документ можно любым удобным способом:Подать обращение в Личном кабинете клиента с прикреплением необходимых документов необходимо во вкладке «Реквизиты ЛС»/Общая информация/ Изменить, далее в открывшемся списке выбрать «Общую площадь»;Направить документ на электронный адрес info@mosenergosbyt.ru;Обратиться в любое отделение АО «Мосэнергосбыт».В обращении необходимо указать свои контактные данные: номер лицевого счета, адрес, контактные телефоны, а такжеинформацию, которую необходимо изменить."
Как изменить адрес для рассылки счетов?,"Изменить адрес для рассылки ежемесячных счетов, можно одним из удобных для вас способов:Самостоятельно в Личном кабинетеклиента. Для этого необходимо в разделе «Профиль», в блоке «Адрес для квитанций» нажать на редактирование данных. На открывшейся странице «Редактирование адреса для получения квитанции» необходимо заполнить обязательную информацию (населенный пункт, улица, дом, индекс, квартира) и нажать кнопку «Сохранить».Воспользоваться терминалом видеосвязи (Автоматизированная система «Видеоконсультант») с операторомКонтактного центра, установленным в МФЦ. Часы работы: Пн-Пт с 09:00 до 20:00.Обратиться в любое отделение АО«Мосэнергосбыт».Обратиться по номеру телефона Контактного Центра 8-499-550- 95-50 ежедневно с 08:30 до 20:30При указании альтернативного адреса направления документов – по адресу лицевого счета документы направляться небудут."
Как изменить тариф в сельской местности?,"В соответствии с Распоряжением Комитета по ценам и тарифам Московской области для населения, потребляющегоэлектрическую энергию в жилых домах расположенных в сельской местности применяется тариф на электрическуюэнергию с понижающим коэффициентом.Для применения тарифа с понижающим коэффициентом необходимо представить документы в обслуживающее отделение АО«Мосэнергосбыт», подтверждающие, что объект энергоснабжения, в отношении которого должен применяться тариф спонижающим коэффициентом 0,7, является жилым домом (жилым строением) и находиться в сельской местности.Документами, подтверждающие указанные обстоятельства, могут являться:Свидетельство о регистрации права на строение (жилой дом, жилое строение), в котором в графе «объект права»указывается назначение объекта недвижимости «жилое», а также указывается адрес его местонахождения;Или Паспорт гражданина РФ, где может быть указано, что гражданин зарегистрирован по месту нахождения объектаэнергоснабжения."
Порядок проверки приборов учёта и оформления актов неучтенного потребления,Памятка
Как оформить/ продлить/переоформить льготу в Москве?,"Для того чтобы использовать льготу при оплате за электроэнергию, ее необходимо оформить/продлить/переоформить вАО «Мосэнергосбыт» одним из удобных способов:В Едином личном кабинете клиента вовкладке «Льготы» (с прикреплением необходимых документов);Воспользоваться терминалом видеосвязи (Автоматизированная система «Видеоконсультант») с операторомКонтактного центра, установленным в МФЦ. Часы работы: Пн-Пт с 08:30 до 20:00.В любом отделении АО «Мосэнергосбыт».В качестве заявителей могут выступать физические лица, проживающие в городе Москве и обладающие правом на льготы по оплате за электроэнергию в соответствии с нормативными правовыми актами Российской Федерации или города Москвы, и обратившиеся с заявлением. Интересы заявителей, могут представлять законные представители заявителей или иные лица, уполномоченные заявителем в установленном порядке.В соответствии с законодательством РФ льготы по оплате электроэнергии предоставляются гражданам не более чем на одну квартиру (жилое помещение)."
Отказ в приеме документов,"Основаниями для отказа в приеме документов, необходимых для оформления льготы, являются:Представление заявления и иных документов, необходимых для предоставления льготы, не соответствующих требованиям, установленным правовыми актами Российской Федерации, правовыми актами города МосквыПредставление документов, утративших силу, в случаях, когда срок действия установлен в таких документах или предусмотрен законодательством Российской Федерации, правовыми актами города МосквыПредставление неполного комплекта документов, указанных, в качестве документов, подлежащих обязательному представлению заявителемПредставление заявителем документов, содержащих недостоверные и (или) противоречивые сведенияПри отсутствии необходимых сведений для оформления льготы в информационной системе Общегородского регистра получателей мер социальной поддержки (применимо только к льготе по категории многодетная семья)"
Какие документы необходимы для оформления/продления/переоформления льготы?,"Для оформления льготы необходимо представить следующие документы:Документ удостоверяющий личность заявителя (Паспорт);Пенсионное удостоверение (для отдельных категорий граждан);Документы, подтверждающие право заявителя и (или) членов его семьи на льготу по оплате за электроэнергию (Паспорт, свидетельство о рождении, справку МСЭ, удостоверение «Ветеран труда», справку, выдаваемую органами опеки и попечительства или руководителем воспитательного учреждения и т.д.);Страховой номер индивидуального лицевого счета (СНИЛС);Единый Жилищный Документ;Текущие показания счетчика (на день обращения)Документ, удостоверяющий личность представителя заявителя;Документ, подтверждающий полномочия представителя заявителя, в случае обращения представителя заявителя (при обращении лица, уполномоченного заявителем в установленном порядке, - доверенность в простой письменной форме либо нотариально удостоверенная доверенность или доверенность, приравненная к нотариально удостоверенной в соответствии с гражданским законодательством Российской Федерации)Все документы должны быть представлены в оригинале или копии.Обращаем Ваше внимание, что для получения льготы по категории многодетная семья предоставление выше указанных документов не требуется. Льгота оформляется на основании документа, удостоверяющего личность заявителя и СНИЛС. Право на получение льготы в данном случае подтверждается на основании запроса сотрудника АО «Мосэнергосбыт», направляемого к информационной системе Общегородского регистра получателей мер социальной поддержки.Ознакомиться с перечнем льготных категорий можно в Постановлении:Правительства Москвы от 07.12.2004г. № 850-ПП «О порядке и условиях обеспечения мер социальной поддержки граждан по оплате жилья и коммунальных услуг» в редакции действующей на дату обращенияКак рассчитываются льготы можно посмотреть здесь."
Как закрыть льготу?,"Порядок закрытия льготы определяется в зависимости от причины ее закрытия:При переезде льготника льгота закрывается по сообщению льготника или его законного представителя.В случае оформления льготы по новому адресу (при предоставлении всех документов), по прежнему месту жительства льгота закрывается по сообщению льготника или его законного представителя.В случае смерти льготника, родственникам необходимо предоставить свидетельство о смерти.Сделать это можно одним из удобных способов:Самостоятельно в Едином личном кабинете клиента во вкладке «Льготы»;Воспользоваться терминалом видеосвязи (Автоматизированная система «Видеоконсультант») с оператором Контактного центра, установленным в МФЦ. Часы работы: Пн-Пт с 08:30 до 20:00.Обратиться в Контактный центр по телефону +7 (499) 550-9-550 (ежедневно с 08:30 до 20:30).Внимание! При обращении необходимо предоставить показания прибора учета на день обращения. В случае обращения по причине смерти льготника родственникам или законному представителю необходимо предоставить следующие данные: ФИО, дату смерти, номер свидетельства о смерти, кем и где выдано свидетельство о смерти, а также показания прибора учета на момент обращения."
Как оформить льготу в Московской области?,"В соответствии с законом Московской области от 23 марта 2006 г. № 36/2006-ОЗ «О социальной поддержке отдельных категорий граждан в Московской области», принятым постановлением Московской областной Думы от 15 марта 2006 г. № 5/171-П, регистрация льгот в Московской области не производится, оплата за потребленную электроэнергию производится в полном объеме согласно действующим тарифам. По вопросу возмещения льгот необходимо обращаться в отделение социальной защиты Вашего муниципального района."
Льгота 50% от расхода,"Льгота, предусматривающая скидку 50% от расхода электроэнергии, распространяется на весь расход электроэнергии в квартире, вне зависимости от количества проживающих совместно с льготником. Данный вид льготы не суммируется с другими льготами."
Льгота 50% (30%) от норматива,"В соответствии с Постановлением Правительства г. Москвы от 20 декабря 1994 г. № 1161 для граждан, имеющих право на пользование льготой в пределах норматива потребления, установлены следующие нормативные величины:Одинокие граждане, проживающие в квартире, оборудованной:Газовой плитой - 50 кВт·чЭлектрической плитой - 80 кВт·чСемейные граждане, проживающие в квартире, оборудованной:Газовой плитой - 45 кВт·чЭлектрической плитой - 70 кВт·чНорматив установлен на месяц.Если объем электроэнергии, потребленный в расчетном периоде, больше льготного норматива, то скидка в 50% предоставляется на объем в пределах норматива потребления, а оставшиеся часть оплачивается в размере 100% от тарифа.Если в первой части календарного месяца абонент не в полном объеме использовал полагающийся ему льготный норматив, то остаток будет предоставлен во второй части данного календарного месяца, т.е. в счете за следующий расчетный период. Если величина льготного норматива в первой части календарного месяца использована в полном объеме, то на оставшуюся часть расхода данного календарного месяца, относящуюся к следующему расчетному периоду, нормативная льгота не начисляется.При наличии на счете 2-х и более нормативных льгот, при расчете норматив суммируется."
Льгота 100 % от расхода,"Граждане, которым предусмотрена скидка в размере 100% от расхода по оплате электроэнергии, освобождаются от оплаты за потребленную электроэнергию. Льгота может распространяться как на одного льготника (от оплаты за электроэнергию освобождается только та часть расхода, которая приходится на льготника), так и на льготника с учетом членов его семьи. С перечнем льготных категорий граждан, которым полагается данная льгота можно ознакомиться в Постановлении Правительства Москвы от 07.12.2004г. № 850-ПП «О порядке и условиях обеспечения мер социальной поддержки граждан по оплате жилья и коммунальных услуг»."
Расчет льготы от расхода электроэнергии - однотарифный прибор учета,"Условие:Льгота 50% от расхода электроэнергии;ПУ однотарифный;Расчет:Расход ЭЭ× тариф = сумма к оплате×0,5(льготный коэффициент) = сумма к оплате (с учетом льготы)"
Расчет льготы от расхода электроэнергии - многотарифный прибор учета,"Условие:Льгота 50% от расхода электроэнергии;Многотарифный прибор учета (трехтарифный);Расчет:Расход ЭЭ по Т1× тарифт1= сумма к оплате пот1×0,5(льготный коэффициент) = сумма к оплате (с учетом льготы)Расход ээ по Т2× тарифт2= сумма к оплате по Т2 ×0,5(льготный коэффициент) = сумма к оплате (с учетом льготы)Расход ЭЭ по Т3 × тарифт3= сумма к оплате по Т3 ×0,5(льготный коэффициент) = сумма к оплате (с учетом льготы)Итоговая сумма к оплате = сумма к оплате (с учетом льготы) по Т1+сумма к оплате (с учетом льготы) по Т2+сумма к оплате (с учетом льготы) по Т3"
" Расчет льготы по нормативу - однотарифный прибор учёта, когда расход больше установленного норматива","Условие:Однотарифный прибор учета;Одинокий ветеран труда (50% от норматива);Норматив 80 кВт·ч;Электрическая плита;Расход 135 кВт·ч;Тариф 3,28 руб.;Расчет:Из 135 кВт·ч льгота распространяется только на 80 кВт·ч, оставшийся расход 55 кВт·ч рассчитывается по полной стоимости.80×3,28=269,40 сумма к оплате×0,5(льготный коэффициент) =131,20 руб. сумма к оплате (с учетом льготы)55×3,28=180,40 руб.Итого к оплате с учетом льготы 131,20+180,40=311,60 руб."
"Расчет льготы по нормативу - однотарифный прибор учёта, когда расход меньше установленного норматива","Распределение льготного норматива, приходящегося на календарный месяц, осуществляется в следующем порядке: первоначально льготный норматив максимально распределяется на объем, потребленный за период с 1-го числа календарного месяца до даты окончания расчета в расчетном периоде (дата, на которую сформирован счет) по всем зонам суток, в соответствии с типом учета, установленном на квартире бытового потребителя. Если льготный норматив за указанный период использован не в полном объеме (фактическое потребление меньше величины льготного норматива), то остаток распределяется на объем, потребленный с даты окончания расчета в расчетном периоде до конца календарного месяца.Если в первой части календарного месяца абонент не в полном объеме использовал полагающийся ему льготный норматив, то остаток будет предоставлен во второй части данного календарного месяца, т.е. в счете за следующий расчетный период."
"Расчет льготы по нормативу - многотарифный прибор учёта, когда расход больше установленного норматива","Условие:Многотарифный прибор учета (трехтарифный);Ветеран труда, проживает с семьей;Норматив 45 кВт·ч;Газовая плита;Расход Т1 – 100 кВт·ч; Т2 – 52 кВт·ч; Т3 – 73 кВт·ч;Тариф Т1 – 4,92 руб.; Т2 – 1,26 руб.; Т3 – 4,08 руб.;Расчет:Так как расход по зоне суток Т1 =100 кВт·ч, из них 45 кВт·ч рассчитываем с учетом льготного коэффициентаТ1(с учетом льготы)=45×4,92=221,40 сумма к оплате×0,5 (льготный коэффициент) =110,70 руб. сумма к оплате (с учетом льготы)Оставшийся расход 55 кВт·ч рассчитываем по полной стоимостиТ1=55×4,92=270,60 руб.Объем льготного норматива полностью учтен по тарифной зоне суток Т1, по остальным зонам суток (Т2 и Т3) расчет производится по полной стоимостиТ2=52 × 1,26 = 65,52 руб.Т3=73 × 4,08 = 297,84 руб.Итого к оплате с учетом льготы по зонам суток110,70+270,60+65,52+297,84=744,66 руб."
"Расчет льготы по нормативу - многотарифный прибор учёта, когда расход по одной из зон суток меньше установленного норматива","Распределение льготного норматива, приходящегося на календарный месяц, осуществляется в следующем порядке: первоначально льготный норматив максимально распределяется на объем, потребленный за период с 1-го числа календарного месяца до даты окончания расчета в расчетном периоде (дата, на которую сформирован счет) по всем зонам суток, в соответствии с типом учета, установленном на квартире бытового потребителя. Если льготный норматив за указанный период использован не в полном объеме (фактическое потребление меньше величины льготного норматива), то остаток распределяется на объем, потребленный с даты окончания расчета в расчетном периоде до конца календарного месяца.Если в первой части календарного месяца абонент не в полном объеме использовал полагающийся ему льготный норматив, то остаток будет предоставлен во второй части данного календарного месяца, т.е. в счете за следующий расчетный период."
"Расчет льготы по нормативу - однотарифный прибор учёта, льгота по многодетности, когда расход меньше установленного норматива","Распределение льготного норматива, приходящегося на календарный месяц, осуществляется в следующем порядке: первоначально льготный норматив максимально распределяется на объем, потребленный за период с 1-го числа календарного месяца до даты окончания расчета в расчетном периоде (дата, на которую сформирован счет) по всем зонам суток, в соответствии с типом учета, установленном на квартире бытового потребителя. Если льготный норматив за указанный период использован не в полном объеме (фактическое потребление меньше величины льготного норматива), то остаток распределяется на объем, потребленный с даты окончания расчета в расчетном периоде до конца календарного месяца.Если в первой части календарного месяца абонент не в полном объеме использовал полагающийся ему льготный норматив, то остаток будет предоставлен во второй части данного календарного месяца, т.е. в счете за следующий расчетный период."
"Расчет льготы по нормативу - однотарифный прибор учёта, льгота по многодетности, когда расход больше норматива","Условие:Однотарифный прибор учета;Многодетная семья из 5-ти человек;Норматив: 5×45=225 кВт·ч;Газовая плита;Расход 253 кВт·ч;Тариф 4,68 руб.;Расчет:Скидка по данной категории льгот составляет 30% от норматива, величина норматива рассчитывается исходя из количества человек пользующихся льготой.Так как расход=253 кВт·ч (больше установленного норматива), из них 225 кВт·ч рассчитываем с учетом льготы, а оставшийся расход 28 кВт·ч по полной стоимости225×4,68=1053 сумма к оплате×0,7 (льготный коэффициент) =737,10 руб.  сумма к оплате (с учетом льготы)28×4,68=131,04 руб.Итого к оплате с учетом льготы 737,10+131,04=868,14 руб."
"Расчет льготы по нормативу - многотарифный прибор учёта, льгота по многодетности","Условие:Многотарифный прибор учета (трехтарифный);Норматив: 6×70=420 кВт·ч;Электрическая плита;Расход: Т1 – 174 кВт·ч; Т2 – 85 кВт·ч; Т3 – 189 кВт·ч;Тариф: Т1 – 3,45 руб.;  Т2 – 0,88 руб.; Т3 – 2,85 руб.;Расчет:Скидка по данной категории льгот составляет 30% от норматива, величина норматива рассчитывается исходя из количества человек пользующихся льготой.Расход по зоне суток Т1 рассчитываем с учетом льготыВ расчете применяется льготный коэффициент к начисленной сумме (в данном случае 0,7, так как скидка по льготе 30% от норматива)Т1=174×3,45=600,30 сумма к оплате×0,7 (льготный коэффициент) =420,21 руб. сумма к оплате (с учетом льготы)Рассчитываем, сколько льготных квт·ч осталось при произведенном расчете по зоне суток Т1420 (установленный норматив) – 174 (учтенный норматив) =246 кВт·ч  (оставшийся не учтенный норматив)Так как льгота не учтена в полном объеме по тарифной зоне суток Т1, расчет производится по зоне суток Т3Т3=189×2,85=538,65 сумма к оплате×0,7 (льготный коэффициент) =377,06 руб. сумма к оплате (с учетом льготы)Рассчитываем, сколько еще осталось льготных кВт·ч при произведенном расчете по зоне суток Т3246 (оставшийся не учтенный норматив по Т1) -189 (учтенный норматив по Т3) =57 кВт·ч (оставшийся норматив)Расход по зоне суток Т2 = 85 кВт·ч, больше, чем остаток льготного норматива, поэтому из всего расхода по зоне суток Т2, 57 кВт·ч рассчитывается с учетом льготы (льготного коэффициента), а оставшийся расход 28 кВт·ч по полной стоимости.Т2=57×0,88=50,16 сумма к оплате×0,7 (льготный коэффициент)=35,11 руб. сумма к оплате (с учетом льготы)Т2=28×0,88=24,64 руб.Итого сумма оплаты с учетом льготы 420,21+337,06+59,75=817,02 руб."
Почему не поступила оплата по Лицевому счёту?,"Оплата зачисляется на лицевой счет в срок от 3 до 5 рабочих дней, в зависимости от места совершения платежа и способа оплаты. Если оплата не поступила на лицевой счёт и прошло более 5 рабочих дней, рекомендуем обратиться по месту оплаты. После подтверждения о перечислении оплаты на счет АО «Мосэнергосбыт» необходимо оформить заявку на розыск платежа любым удобным способом:Направить обращение в Личном кабинете клиента с вложением документа, подтверждающего оплату;Обратиться  в Контактный центр по телефону +7 (499) 550-9-550 (ежедневно с 08:30 до 20:30):В  любое отделение АО «Мосэнергосбыт».Поступившие платежи можно просмотреть в Личном кабинете клиента во вкладке «История» - «Оплата»."
Какие есть способы оплаты электроэнергии?,"Оплату за электроэнергию можно производить любым удобным способом:В Личном кабинете клиента во вкладке «Оплатить»;На сайте АО «Мосэнергосбыт» (банковской картой);С помощью мобильного телефона(банковской картой);С использованием услуги автоматический платеж;Через социальные сети ВКонтакте и Facebook;Через оператора Контактного центра по телефону +7 (499) 550-9-550 (банковской картой (ежедневно с 08:30 до 20:30));С электронных кошельков (Элекснет, QIWI);Через терминалы самообслуживания;Через терминалы самообслуживания, установленные в отделениях АО «Мосэнергосбыт»;В любом отделении банка.Внимание! Оплаты через терминалы, установленные в офисах АО «Мосэнергосбыт», производятся только наличными денежными средствами."
Как получить квитанцию на оплатуэлектроэнергии?,"Рекомендуем оформить подписку на рассылку платёжных документов на адрес электронной почты. Данный сервис позволит оперативно получать платёжные документы в электронной форме и исключить необходимость получения счетов на бумажном носителе. Подключить данный сервис можно в  Личном кабинете клиента или при обращении в Контактный центр по телефону +7 (499) 550-9-550 (ежедневно с 08:30 до 20:30).Счет на оплату электроэнергии направляется ежемесячно, до 10-го числа по адресу лицевого счета или на альтернативный адрес.Квитанцию с подробной детализацией расчета можно сформировать и распечатать в Личном кабинете клиента, также в Личном кабинете клиента можно распечатать квитанцию на оплату текущего баланса.Чистые бланки квитанций можно распечатать на сайте АО «Мосэнергосбыт»."
Как получить подтверждение произведенного платежа?,"Подтверждением произведенного платежа является оплаченная квитанция, чек терминала и т.д. Проверить поступление оплаты можно самостоятельно в Личном кабинете клиента во вкладке «История» - «Оплата»."
Когда необходимо передавать показания прибора учёта?,"Передавать показания прибора учёта можно ежемесячно, в период с 15 по 26 число включительно.В случае если показания не были переданы, в соответствии с Постановлением Правительства РФ № 354 от 06.05.2011 г. И №344 от 16.04.2013 г., счёт на оплату будет сформирован на основании среднемесячного объёма потребления."
Какие существуют способы передачи показаний?,"Передать показания Вы можете любым удобным для Вас способом:через Личный кабинет частного клиента на сайте АО «Мосэнергосбыт»; через чат-бота: на сайте АО «Мосэнергосбыт»на платформе Яндекс.Алиса. Для этого необходимо активировать голосовую команду, воспользовавшись ключевой фразой: «Запусти навык «Мосэнергосбыт», и далее следовать инструкции голосового помощника.в сети «ВКонтакте» по ссылке Начать диалог с чат-ботом в соц.сети «ВКонтакте»в Telegram по ссылке https://t.me/mes_telegram_botв Viber-канале. Для поиска Помощника-консультанта отсканируйте QR-код: или по ссылке https://chats.viber.com/mosenergosbytпо телефону Контактного центра АО «Мосэнергосбыт»: +7 (499) 550-88-99 через сервис голосового управления;на портале госуслуг г.Москвы.через терминалы для приема показаний, установленных в отделениях  АО «Мосэнергосбыт» и Многофункциональных центрах предоставления государственных и муниципальных услуг «Мои документы»;при оплате через терминалы Qiwi и Сбербанк (при условии совершения платежа в период с 15-го по 26 число)."
Как пользоваться сервисом Голосового управления?,"При обращении в Контактный центр по телефону +7 (499) 550-9-550 можно самостоятельно, не дожидаясь ответа оператора, передать показания прибора учёта или получить нужную информацию. Для этого в голосовом меню после вопроса «Скажите, что Вас интересует?» необходимо произнести свой вопрос. Ознакомиться с инструкцией по работе голосового сервиса можно на сайте АО «Мосэнергосбыт».Внимание! Номер лицевого счёта и показания прибора учёта необходимо называть строго по одной цифре. Допускается ввод данных с помощью клавиш телефонного аппарата. Для прохождения автоматической идентификации рекомендуем в Личном кабинете клиента привязать номер вашего телефона к Лицевому счёту."
"Как будет произведен расчет, если показания не были переданы?","В случае если в расчётном периоде не поступили показания прибора учёта, счёт на оплату будет сформирован на основании среднемесячного объёма потребления. При передаче показаний в следующем месяце производится перерасчёт с учётом фактических показаний прибора учёта."
Как рассчитывается оплата за электроэнергию?,"Сумма к оплате рассчитывается одним из следующих способов:На основании переданных Вами показаний прибора учёта; При условии, что показания счетчика были переданы в период с 15 по 26 число включительноНа основании показаний прибора учёта, снятых сотрудниками АО «Мосэнергосбыт»;Контрольное снятие показаний производится сотрудником АО «Мосэнергосбыт» 2 раза в год.При отсутствии показаний в расчётном периоде сумма к оплате рассчитывается на основании среднемесячного объёма потребления;При отсутствии информации о среднемесячном объёме потребления расчёт производится на основании норматива потребления."
Можно ли самостоятельно заполнять квитанции?,"Квитанции можно заполнять самостоятельно по показаниям прибора учёта, и в случае своевременной оплаты Вы не будете иметь задолженность перед АО «Мосэнергосбыт». Главное - соблюдать сроки оплаты."
"Где можно посмотреть показания прибора учёта, по которым производился расчёт?","Показания можно посмотреть в Личном кабинете клиента во вкладке «История» - «Показания» или в квитанции, которая направляется ежемесячно."
"Как производить оплату, если по Лицевому счету указана переплата?","Переплату, образовавшуюся на Лицевом счете, можно учесть в счёт будущих платежей, при условии, если расчёт потреблённой электроэнергии произведён по фактическим показаниям прибора учёта, переданных вами или снятых сотрудниками АО «Мосэнергосбыт»."
Почему по Лицевому счёту не учтена оплата?,"При поступлении оплаты после даты формирования счёта, платёж будет учтен в следующем расчётном периоде. Оплата зачисляется на лицевой счет в срок от 3 до 5 рабочих дней, в зависимости от места совершения платежа и способа оплаты."
Что такое ОДН и как производится расчёт?,"ОДН - общедомовые нужды. В каждый многоквартирный дом поступает определенное количество коммунальных ресурсов, основная доля которых потребляется жильцами. Некоторая же часть ресурсов идет на обслуживание дома и содержание общедомового имущества. Оплачиваются не только коммунальные услуги внутри квартиры, но и коммунальные услуги, идущие на общедомовые нужды.В сумму ОДН по электроэнергии могут входить затраты на:Освещение мест общего пользования (лестничных площадок, тамбуров и приподъездной территории);Энергию, потребляемую домофонами;Энергию, потребляемую лифтами;Энергию, потребляемую иным электрооборудованием; Использующимся в общедомовых нуждах (например, видеокамеры наблюдения, насосы, подкачивающие воду на верхние этажи, система автоматического регулирования тепла и др).У каждого многоквартирного дома набор электрооборудования индивидуален. Расчёт потребленной электроэнергии на ОДН производится в соответствии с Постановлением Правительства РФ № 354 от 06.05.2011 г. П.44:На основании показаний коллективных приборов учёта;Расход за ОДН определяется как разница между расходом определенным коллективным прибором учёта и суммарным расходом жилых и нежилых помещений, далее делится на суммарную площадь таких помещений, а затем умножается на индивидуальную площадь каждого из них.При отсутствии общедомового прибора учета расчёт производится по нормативу. В случае если расход электроэнергии на ОДН определяется исходя из норматива ОДН, то величина, полученная путем умножения норматива на ОДН и площади помещений, входящих в состав общего имущества в многоквартирном доме, делится на суммарную площадь помещений, а затем умножается на индивидуальную площадь каждого из них."
Почему расход электроэнергии на ОДН ежемесячно меняется и как добиться снижения суммы на ОДН?,"Величина расхода электроэнергии на ОДН является расчётной и зависит от нескольких факторов и может меняться каждый месяц.Расход на ОДН зависит от таких факторов, как:Интенсивность работы электрооборудования, установленного на ОДН;Регулярность передачи жителями дома индивидуальных показаний приборов учёта в АО «Мосэнергосбыт» (если не передаются показания, то расчёт формируется исходя из рассчитанного среднемесячного объёма потребления, а при передаче или снятии показаний в последующем расчётном периоде, будет произведен перерасчёт объёма потребления по фактическим данным);Отсутствие безучётного и/или бездоговорного потребления;Техническое состояние внутридомовой проводки (электропроводка в старых домах может быть изношена и это увеличивает технологические потери электроэнергии во внутридомовых сетях);Оснащённость жилых помещений исправными приборами учёта."
Почему объем ОДН между всеми потребителями распределяется пропорционально размеру общей площади принадлежащего им жилого и нежилого помещения?,"Расчёт производится в соответствии с правилами предоставления коммунальных услуг утвержденных Постановлением Правительства РФ №354 от 06.05.2011.Согласно Жилищному Кодексу РФ собственники квартир и нежилых помещений являются также собственника помещений, входящих в общее имущество дома, в доле, пропорциональной площади их квартир."
Влияет ли задолженность жителей на величину ОДН?,"Недоплата жителей дома не оказывает влияния на величину электропотребления на ОДН. Задолженность отдельных жителей не перекладывается на добросовестных потребителей. В расчет ОДН принимаются только начисленные суммы электропотребления, а не оплаченные."
Сроки передачи показаний жителей г. Королев,"Передавать показания прибора учёта жители г. Королев могут ежемесячно в период с 15 по 23 число включительно.В случае если показания не были переданы, в соответствии с Постановлением Правительства РФ № 354 от 06.05.2011 г. и №344 от 16.04.2013 г., счёт на оплату будет сформирован на основании среднемесячного объёма потребления"
Какие преимущества многотарифного прибора учета?,"Многотарифный прибор учёта обеспечивает дифференцированный учёт потребляемой электроэнергии в зависимости от времени суток. Сутки разделены на зоны, для каждой зоны установлен свой тариф на электроэнергию.Многотарифная система учёта предоставляет жителям возможность оплачивать потребление электроэнергии в ночные часы по тарифу, который примерно в четыре раза дешевле дневного, а в период действия тарифов «полупиковой зоны» экономия составляет примерно 25%. Дополнительной экономии можно достичь за счёт перераспределения на полупиковую и ночную тарифные зоны работы энергоёмких домашних бытовых приборов."
"Что делать, если неисправен прибор учёта?","При обнаружении неисправности прибора учёта необходимо незамедлительно сообщить об этом в АО «Мосэнергосбыт».Неисправным считается прибор, у которого:диск не вращается или вращается неравномерно (рывками),индикатор или дисплей не работают, имеются механические сквозные повреждения корпуса, просверленные отверстия, смотровое окно разбито или отклеено от корпуса, нарушена герметичность. Прибор учета считается вышедшим из строя в случаях:неотображение результатов измерений;нарушение пломб;механические повреждения;превышение допустимой погрешности;истечение сроков поверки (определяются с учетом особенностей, перечисленных в п. 136 Основных положений);наличие признаков несанкционированного вмешательства.Оформить бесплатную заявку на замену прибора учета можно:жителям многоквартирных домов по телефону АО «Мосэнергосбыт» +7 (499) 550-9-550 (ежедневно с 8:30 до 20:30) или в Едином личной кабинете;жителям частного сектора – по телефону сетевой компании ПАО «Россети Московский регион» 8-800-220-0-220."
За чей счёт производится замена прибора учёта?,"В соответствии с требованиями Федерального закона от 27.12.2018 № 522-ФЗ «О внесении изменений в отдельные законодательные акты Российской Федерации в связи с развитием систем учёта электрической энергии (мощности) в Российской Федерации» и постановления Правительстваот 29.06.2020 № 950 «О внесении изменений в некоторые акты Правительства Российской Федерации по вопросам совершенствования организации учёта электрической энергии» с 1 июля 2020 года обязанность по замене неисправных приборов учёта электроэнергии или счётчиков электроэнергии с истекшим межповерочным интервалом, в жилых помещениях многоквартирных жилых домов возложена на гарантирующего поставщика электроэнергии. В Москве и Московской области гарантирующим поставщиком электроэнергии является АО «Мосэнергосбыт». В индивидуальных жилых домах эта обязанность возложена на сетевые организации ПАО «Россети Московский регион». Если по состоянию на 01.04.2020 или ранее у потребителя отсутствовал ПУ/истек срок его эксплуатации/вышел из строя, то установка (замена) ПУ осуществляется до 31.12.2023. Если по состоянию на 01.04.2020 или ранее у потребителя истек МПИ ПУ, то установка (замена) со стороны ГП осуществляется до 31.12.2021. В иных случаях – установка (замена) должна быть осуществлена в течение 6 месяцев.График замены приборов учета в многоквартирных жилых домах Москвы и Московской области можно посмотреть на сайте АО «Мосэнергосбыт»Оформить бесплатную заявку на замену прибора учета можно:жителям многоквартирных домов по телефону АО «Мосэнергосбыт» +7 (499) 550-9-550 (ежедневно с 8:30 до 20:30) или в Едином личной кабинете;жителям частного сектора – по телефону сетевой компании ПАО «Россети Московский регион» 8-800-220-0-220.В остальных случаях замена/установка прибора учета осуществляется на платной основе за счет собственных средств потребителя. Установленный прибор учёта должен быть опломбирован энергоснабжающей организацией (Правила технической эксплуатации электроустановок потребителей, утвержденных приказом Минэнерго России от 13.01.2003 № 6).Ознакомиться со стоимостью услуг можно на сайте АО «Мосэнергосбыт»."
"За чей счет производится замена, если прибор учёта входит в систему АИИСКУЭ?",Если прибор учёта входит в систему АИИСКУЭ (Автоматизированная информационно измерительная система коммерческого учета электроэнергии) и находится на балансе АО Мосэнергосбыт» замена осуществляется на безвозмездной основе.Оформить заявку на замену прибора учёта Вы можете:Через оператора Контактного центра по телефону +7 (499) 550-9-550 (ежедневно с 08:30 до 20:30);В любом отделении АО «Мосэнергосбыт».
"За чей счет производится замена, если прибор учёта был установлен на платной основе сотрудником АО «Мосэнергосбыт»?",В случаевыхода прибора учета из строя или истечения срока межповерочного интервала замена прибора учета осуществляется гарантирующим поставщиком. Оформить заявку на замену прибора учёта Вы можете: Через оператора Контактного центра по телефону +7 (499) 550-9-550 (ежедневно с 08:30 до 20:30);
Когда заменят неисправный электросчётчик?,"Согласно изменениям в Постановление Правительства №354 замена прибора учёта гарантирующим поставщиком и сетевой организацией должна быть выполнена в следующие сроки:Если по состоянию на 01.04.2020 или ранее у потребителя отсутствовал ПУ/истек срок его эксплуатации/вышел из строя, то установка (замена) ПУ осуществляется до 31.12.2023.В иных случаях – установка (замена) должна быть осуществлена в течение 6 месяцев.Если по состоянию на 01.04.2020 или ранее у потребителя истек МПИ ПУ, то установка (замена) со стороны ГП осуществляется до 31.12.2021.График замены приборов учета в многоквартирных жилых домах Москвы и Московской области можно посмотреть на сайте АО «Мосэнергосбыт».Оформить бесплатную заявку на замену прибора учета можно:жителям многоквартирных домов по телефону АО «Мосэнергосбыт» +7 (499) 550-9-550 (ежедневно с 8:30 до 20:30) или в Едином личной кабинете;жителям частного сектора – по телефону сетевой компании ПАО «Россети Московский регион» 8-800-220-0-220."
В какой срок выполняется заявка?,"В соответствии с требованиями Федерального закона от 27.12.2018 № 522-ФЗ «О внесении изменений в отдельные законодательные акты Российской Федерации в связи с развитием систем учёта электрической энергии (мощности) в Российской Федерации» и постановления Правительстваот 29.06.2020 № 950 «О внесении изменений в некоторые акты Правительства Российской Федерации по вопросам совершенствования организации учёта электрической энергии» с 1 июля 2020 года обязанность по замене неисправных приборов учёта электроэнергии или счётчиков электроэнергии с истекшим межповерочным интервалом, в жилых помещениях многоквартирных жилых домов возложена на гарантирующего поставщика электроэнергии. В Москве и Московской области гарантирующим поставщиком электроэнергии является АО «Мосэнергосбыт». В индивидуальных жилых домах эта обязанность возложена на сетевые организации ПАО «Россети Московский регион». Замена приборов учёта будет осуществляться в следующие сроки:Если по состоянию на 01.04.2020 или ранее у потребителя отсутствовал ПУ/истёк срок его эксплуатации/вышел из строя, то установка (замена) ПУ осуществляется до 31.12.2023.Если по состоянию на 01.04.2020 или ранее у потребителя истёк МПИ ПУ, то установка (замена) со стороны ГП осуществляется до 31.12.2021.В иных случаях – установка (замена) должна быть осуществлена в течение 6 месяцев.График замены приборов учёта в многоквартирных жилых домах Москвы и Московской области можно посмотреть на сайте АО «Мосэнергосбыт».В остальных случаях замена/установка прибора учёта осуществляется на платной основе. Заявка выполняется в срок, не превышающий 10 рабочих дней с момента поступления оплаты на расчётный счёт АО «Мосэнергосбыт». После поступления оплаты с клиентом связывается мастер (сотрудник АО «Мосэнергосбыт») для уточнения времени проведения работ."
Как будут осуществляться начисления с даты поломки (выхода за МПИ) до даты замены электросчётчика?,Начисления за электроэнергию в случае выхода прибора учёта из строя или за межповерочный интервал в соответствии с внесенными изменениями в законодательство будут осуществляться исходя из среднемесячного объема потребления в предыдущие периоды (на основании статистической информации по потреблению в предыдущие месяцы) или исходя из норматива потребления в случае отсутствия возможности осуществить расчет среднемесячного объёма потребления электроэнергии.
Что такое МПИ?,"Как и любой прибор, электросчётчик имеет свой ресурс бесперебойной работы. Он называется межповерочный интервал (или МПИ) – это срок, в течение которого завод-изготовитель гарантирует, что показания прибора будут точны и не будут превышать предел допустимой погрешности приборов учёта. По истечении МПИ прибор начинает неверно учитывать расход электроэнергии. При истечении сроков МПИ необходима его замена или поверка."
Как узнать срок МПИ?,"Межповерочный интервал указан в паспорте на прибор учёта. Сроки МПИ для приборов учёта разные и варьируются  от 6 до 16 лет, зависят от модели и типа прибора учета. Ознакомиться с информацией о сроке окончания МПИ, установленного по Вашему адресу, можно в Личном кабинете клиента в разделе «Реквизиты ЛС»."
"Закончился срок МПИ, возможно ли осуществить поверку прибора учета?","В связи с тем, что по истечении срока МПИ точность показаний гарантироваться не может, поскольку со временем детали электросчётчика изнашиваются, расход электроэнергии по показаниям может отличаться от фактического как в большую, так и в меньшую сторону.Можно осуществить поверку прибора учёта, которая проводится в специализированной лаборатории. Поверка является длительным и сложным технологическим процессом, а по результатам поверки может оказаться, что прибор учёта все равно нужно менять.Внимание! Приборы учёта, у которых истек межповерочный интервал и имеют класс точности ниже 2,0 – не могут использоваться при расчетах (п.139 основных положений функционирования розничных рынков электрической энергии утв. Постановлением Правительства РФ от 4 мая 2012 г. № 442).При желании осуществить поверку самостоятельно (силами специализированной лаборатории) необходимо заранее сообщить в по телефону Контактного центра + 7(499) 550-9-550 или в обслуживающее отделение АО «Мосэнергосбыт».В связи с изменениями в Постановлении Правительства №354 с 1 июля 2020 года обязанность по замене неисправных приборов учета электроэнергии или счетчиков электроэнергии с истекшим межповерочным интервалом, в жилых помещениях многоквартирных жилых домов возложена на гарантирующего поставщика электроэнергии. В Москве и Московской области гарантирующим поставщиком электроэнергии является АО «Мосэнергосбыт». В индивидуальных жилых домах эта обязанность возложена на сетевые организации ПАО «Россети Московский регион». "
Как оплатить услугу по установке/замене прибора учета?,"Оплатить услуги можно любым удобным способом:Банковской картой на сайте АО «Мосэнергосбыт» / «Способы оплаты дополнительных услуг»;Через платежные терминалы, установленные в любом отделении АО «Мосэнергосбыт»;В любом банке."
Возможно ли произвести оплату наличными мастеру?,"Оплата наличными денежными средствами предусмотрена только для жителей г. Москвы. В этом случае оплата будет производиться наличными мастеру перед выполнением услуги. Сотрудник предоставит чек контрольно - кассового аппарата, после чего приступит к выполнению услуги."
Какие документы предоставляются после оказания услуги?,"После оказания услуги мастер предоставляет паспорт прибора (если услуга с учетом стоимости электросчётчика) и договор (по требованию клиента). Ознакомиться с договором оказания услуг по замене прибора учёта электрической энергии можно на сайте АО «Мосэнергосбыт», а при необходимости его получения следует сообщить заранее, во время оформления услуги. Акт приёма электросчетчика в эксплуатацию направляется в электронном виде на электронную почту абонента или предоставляется на бумажном носителе в любом отделении АО «Мосэнергосбыт»."
Что такое гарантийное обслуживание прибора учета?,"Услуга заключается в предоставлении гарантийных обязательств, включающих в себя замену либо ремонт вышедшего из строя прибора учета электроэнергии, сроком на 2, 4 и 7 летпосле истечения гарантийного срока, установленного заводом-производителем (3 года).Итого гарантийный срок составит 5, 7 и 10 лет (в зависимости от выбранной услуги)."
Как оформить гарантийное обслуживание?,"Данная услуга доступна только при оформлении заявки на установку нового прибора учёта.Оформить «Гарантийное обслуживание прибора учета электроэнергии» можно любым удобным способом:Позвонив Контактный центр по телефону +7 (499) 550-33-77;В любом отделении АО «Мосэнергосбыт».Срок дополнительной гарантии начинается со дня, следующего за днем окончания гарантии завода-изготовителя."
Преимущества гарантийного обслуживания,"Приобретая гарантийное обслуживание, Вы получаете:Экономию денежных средств - гарантийное обслуживание прибора учёта электроэнергии на 2, 4 или 7 лет, которое позволит не волноваться о дополнительных затратах, так как специалисты АО «Мосэнергосбыт» в случае выхода прибора учёта  из строя бесплатно и в кратчайшие сроки произведут его замену;Замену прибора учёта электроэнергии по гарантии неограниченное количество раз в течение всего срока действия договора.Экономию времени на выяснение причин неисправности прибора учёта;Ознакомиться со стоимостью и договором на оказание данной услуги  можно на сайте АО «Мосэнергосбыт»."
Как оформить гарантийное обслуживание?,"Данная услуга доступна только при оформлении заявки на установку нового прибора учёта.Оформить «Гарантийное обслуживание прибора учета электроэнергии» можно любым удобным способом:Позвонив Контактный центр по телефону +7 (499) 550-33-77 (ежедневно с 8:30 до 20:30);В любом отделении АО «Мосэнергосбыт».Срок дополнительной гарантии начинается со дня, следующего за днем окончания гарантии завода-изготовителя."
Коммерческие услуги АО «Мосэнергосбыт»,"АО «Мосэнергосбыт» предлагает широкий спектр коммерческих услуг, с которым можно ознакомиться на сайте."
Как оформить коммерческую услугу?,"Для того чтобы оформить услугу, достаточно воспользоваться одним из способов:Оформить заявку на популярные услуги в Личном кабинете клиента;Позвонить в Контактный центр по телефону +7 (499) 550-33-77 (ежедневно с 8:30 до 20:30);В любом отделении АО «Мосэнергосбыт»."
Как оплатить услугу по установке/замене прибора учёта?,"Оплатить услуги можно любым удобным способом:Банковской картой на сайте АО «Мосэнергосбыт» - «Способы оплаты дополнительных услуг»;Через платежные терминалы, установленные в любом отделении АО «Мосэнергосбыт»;В любом банке;"
Какие документы предоставляются после оказания услуги?,"После оказания услуги мастер предоставляет паспорт прибора (если услуга с учетом стоимости электросчётчика) и договор (по требованию клиента). Ознакомиться с договором оказания услуг по замене прибора учёта электрической энергии можно на сайте АО «Мосэнергосбыт», а при необходимости его получения следует сообщить заранее, во время оформления услуги. Акт приёма электросчетчика в эксплуатацию направляется в электронном виде на электронную почту абонента или предоставляется на бумажном носителе в любом отделении АО «Мосэнергосбыт»."
Не передаются показания через Личный кабинет клиента?,"Функция по передаче показаний активна в период с 15-го по 26-е число каждого месяца. Показания невозможнопередать, если прибор учёта  подключен к автоматической системе учёта электроэнергии  или прибор учётанеисправен."
Как подключить дополнительный Лицевой счёт?,"Для подключения двух и более лицевых счётов к одной учётной записи необходимо использовать функцию «Добавить лицевой счёт» в левом боковом меню. В появившемся окне указать поставщика и ввести лицевой счёт, после чего нажать кнопку «Подключить». В открывшемся окне «Ответьте на контрольный вопрос» необходимо выбрать вопрос в поле «Контрольный вопрос», в поле «Ответ» указать верную информацию по вопросу, далее нажать кнопку «Подтвердить». Например, при контрольном вопросе «Введите сумму «Итого по счёту» или «Итого переплата», указанную в любой из квитанций за последние 6 месяцев, отделив копейки запятой.» необходимо в поле «Ответ» внести корректную информацию, после чего нажать на кнопку ""Подключить"".Если введенные данные были указаны верно, появится окно с уведомлением о том, что лицевой счёт успешно подключен"
Как отключить дополнительный Лицевой счёт?,"Для того чтобы отключить дополнительный Лицевой счет необходимо нажать на три точки, расположенные в левой части бокового меню рядом с номером лицевого счета, далее нажать «Удалить»."
Как можно подключить услугу «Автоплатёж»?,"Для подключения данной услуги необходимо на главной странице под информационным блоком «Автоплатеж» нажать кнопку «Подключить», ознакомиться с условиями предоставления данной услуги и заполнить заявление на Автоплатеж."
Как отключить «Автоматический платеж»?,Для отключения данной услуги необходимо на главной странице нажать на «Отключить»/«Аннулировать».
Как подписаться на электронную рассылку квитанций?," Для настройки получения электронной квитанции необходимо в разделе «Профиль» в блоке «Получение счёта по e-mail» указать интересующий способ получения квитанции по лицевому счёту. После подписки на электронную рассылку счётов, квитанции на бумажном носителе направляться не будут."
Где в Личном кабинете клиента можно посмотреть произведенные платежи?,"Посмотреть информацию о поступивших платежах можно в карточке лицевого счёта, в разделе «История», выбрав подраздел «Оплаты». В данном подразделе представлена информация по поступивших оплатах – дата, статус, сумма платежа. Для просмотра информации необходимо выбрать интересующий период."
Где в Личном кабинете клиента посмотреть историю показаний?," Показания можно посмотреть в Едином личном кабинете во вкладке «История» - «Показания». Если необходимо посмотреть информацию за более длительный срок, необходимо изменить период."
Как изменить личные данные в Личном кабинете клиента?," Для того чтобы изменить личные данные необходимо в правом верхнем углу выбрать вкладку «Профиль». Самостоятельно в Личном кабинете клиента можно изменить только ФИО пользователя, адрес электронный почты, мобильный номер телефона и пароль для входа в Личный кабинет клиента, подписаться/отписаться на получение платежного документа по электронной почте и на рекламно-информационную рассылкуВ личном кабинете клиента можно оформить заявку на смену собственника, изменение количества проживающих, количества комнат, площади с прикреплением необходимых документов во вкладке «Реквизиты ЛС»/Общая информация/ изменить, далее в открывшемся списке выбрать услугу нужную услугу. Подробная информация здесь."
Что такое статистика потребления?,В графике видна динамика изменения расхода электроэнергии за текущий год на основании фактического потребления.Для просмотра статистики потребления за предыдущий год необходимо изменить период и нажать «Показать».
Что такое текущий баланс?,"Текущий баланс счёта - это актуальный расчёт задолженности или переплаты за электроэнергию на текущий момент, сучётом поступивших платежей и переданных показаний прибора учёта после последнего выставленного счёта."
 Порядок проверки приборов учёта и оформления актов неучтенного потребления , Памятка
Как работать в Едином личном кабинете клиента (ЕЛК ЖКХ)?,"Для удобства работы с Единым ЛКК Вы можете использовать подробную пошаговую инструкцию по работе сервиса, перейдя по ссылке."
В каких браузерах необходимо осуществлять работу в Едином личном кабинете клиента (ЕЛК ЖКХ)?,"Для корректной работы в Едином личном кабинете клиента (ЕЛК ЖКХ) рекомендуется использовать один из перечисленных браузеров: Internet Explorer версии 11.0, Mozilla Firefox версии 58.0 и выше, Opera версии 51.0 и выше, Google Chrome версии 65.0 и выше, Apple Safari версии 11.0 и выше. Не гарантируется стабильная и правильная работа системы при использовании браузеров других версий. Для работы на мобильных устройствах и планшетах для скачивания доступно приложение «Мой Мосэнергосбыт» (для устройств с системой iOS и Android)."
Можно ли с мобильного устройства или планшета работать в Едином личном кабинете клиента (ЕЛК ЖКХ)?,Для работы на мобильных устройствах и планшетах для скачивания доступно приложение «Мой Мосэнергосбыт» (для устройств с системой iOS и Android).
Как зарегистрировать электронный адрес?,"Для регистрации электронного адреса ознакомьтесь со следующим файлом: Создание почтового ящика на ""Yandex"" или ""Mail.ru"". "
Отсутствие электроэнергии при наличии задолженности по Лицевому счету,При наличии задолженности по Лицевому счету не менее суммы двух месячных начислений за два последних периода АО «Мосэнергосбыт» имеет право приостановить подачу энергоснабжения.
Как восстановить подачу электроэнергии?,"Восстановление подачи электроэнергии осуществляется на платной основе и при полной оплате задолженности на момент отключения. Для восстановления  подачи электроэнергии необходимо:обратиться в обслуживающее отделение АО «Мосэнергосбыт» иливоспользоваться терминалом видеосвязи (Автоматизированная система «Видеоконсультант») с оператором Контактного центра, установленным в МФЦ. Часы работы: Пн-Пт с 08:30 до 20:00.Внимание! При обращении в отделение АО «Мосэнергосбыт» или через терминал видеосвязи (установленный в МФЦ) необходимо предоставить квитанцию об оплате задолженности."
Оповещения по аварийным и плановым отключениям,"Подписаться на бесплатные смс и/или e-mail уведомления по аварийным и плановым отключениям, ограничениям энергоснабжения можно здесь"
От чего зависит качество электрической энергии?,"Причинами ухудшения качества электроэнергии могут являться:  - короткие замыкания в распределительной сети;аварии в электрической сети;неравномерность распределения нагрузки у потребителя по отдельным фазам;срабатывание средств защиты и автоматики;электромагнитные и сетевые возмущения (переходные процессы), связанные с включением, отключением и работой мощных потребителей электроэнергии и др.износ электрооборудования."
Почему случаются перепады напряжения?,"Изменения характеристик напряжения, связаны с такими явлениями, как например, провалы и прерывания напряжения, перенапряжения и импульсные напряжения. Провалы напряжения обычно происходят из-за неисправностей в электрических сетях или в электроустановках потребителей, а также при подключении мощной нагрузки.Перенапряжения, как правило, вызываются переключениями и отключениями нагрузки. Импульсные напряжения вызываются в основном молниевыми разрядами или процессами коммутации в электрической сети или электроустановке потребителя."
Я живу в многоквартирном доме. Куда обращаться для выяснения причин некачественной поставки электрической энергии?,"Порядок действий потребителя при установлении факта предоставления коммунальных услуг ненадлежащего качества и (или) с перерывами, превышающими установленную продолжительность прописан в разделе Х Правил предоставления коммунальных услуг собственникам и пользователям помещений в многоквартирных домах и жилых домах, утвержденных Постановлением Правительства РФ от 6 мая 2011 г. N 354.Жителям многоквартирных домов:необходимо сообщить об этом в аварийно-диспетчерскую службу управляющей компании, эксплуатирующей внутридомовые инженерные системы жилого дома; управляющая компания обязана незамедлительно принять меры к выяснению причин. По результатам проверки составляется  Акт, в котором фиксируется факт предоставления коммунальных услуг ненадлежащего качества по электроснабжению. при необходимости к проверке привлекается представитель ресурсоснабжающей организации и потребитель."
Почему мигает свет?,"Одним из главных факторов мигания света могут быть перепады напряжения в электросети. К резким перепадам напряжения в сети приводит включение мощных электроприборов потребителями. Вместе, все это дает большую нагрузку на электросеть и как следствие происходят резкие колебания напряжения, а затем и колебания светового потока от источников освещения. Чтобы защитить технику и уменьшить моргание следует применять стабилизатор напряжения. Стабилизатор нормализует напряжение до 220 В с определенной погрешностью, тем самым защищает технику от перепада напряжения и в определенной степени уменьшает мигание света."
Как защитить бытовую технику?,"Для защиты электроприборов от перепадов напряжения рекомендуется устанавливать стабилизаторы напряжения, защитные устройства защитного отключения (УЗО), дифавтоматы. Стабилизатор напряжения  - защищает технику от перепадов напряжения в сети.УЗО - срабатывают при регистрации наличия токов утечки. Дифавтомат - обеспечивает защиту от поражения человека электрическим током  и защищает приборы в сети от перегрузок."
Кто возместит ущерб за вышедшую из строя бытовую технику по причине не качественной поставки электрической энергии?,"АО «Мосэнергосбыт»  является гарантирующим поставщиком, не имеет на балансе распределительных сетей и иных объектов, участвующих в передачи электроэнергии. В соответствии со ст. 1064 ГК  РФ вред, причиненный имуществу гражданина подлежит возмещению в полном объеме лицом, причинившим вред.Соответственно, возместить ущерб обязана та организация, в зоне ответственности  которой произошла аварийная ситуация.Для возмещения причиненного материального ущерба заявитель направляет лицу, причинившему вред следующий перечень документов:заявление в произвольной форме с указанием размера ущерба; копии документов, подтверждающих право собственности или иное имущественное право на поврежденное имущество. К таким документам относятся кассовые и товарные чеки, гарантийные обязательства, выданные при покупке имущества и иные правоустанавливающие документы. При утере вышеназванных документов необходимо предоставить другие доказательства, подтверждающие его право на поврежденное имущество. акт обследования поврежденного имущества, составленный организацией, уполномоченной изготовителем поврежденного имущества на выполнение функций по гарантийному и послегарантийному обслуживанию электробытового прибора (сервисного центра), с указанием причины повреждения и стоимости ремонта.  акт проверки факта некачественного предоставления коммунальной услуги. "
"Когда будет включена электроэнергия, отключенная за долги, если произведена оплата задолженности и за подключение?","Предоставление коммунальной услуги по электроснабжению возобновляется в течение 2 календарных дней со дня полного погашения задолженности и оплаты расходов исполнителя по введению ограничения, приостановлению и возобновлению предоставления коммунальной услуги."
"Что делать, если наш многоквартирный дом отключили от электроснабжения?","Порядок действий потребителя при установлении факта предоставления коммунальных услуг ненадлежащего качества и (или) с перерывами, превышающими установленную продолжительность прописан в разделе Х Правил предоставления коммунальных услуг собственникам и пользователям помещений в многоквартирных домах и жилых домах, утвержденных Постановлением Правительства РФ от 6 мая 2011 г. N 354 (далее – Правила).В соответствии с п. 9 приложения № 1 к Правилам установлена допустимая продолжительность перерыва электроснабжения: 2 часа - при наличии двух независимых взаимно резервирующих источников питания (2 категория надежности электроснабжения); 24 часа - при наличии 1 источника питания (3 категория надежности электроснабжения).Жителям многоквартирных домов:необходимо сообщить об этом в аварийно-диспетчерскую службу управляющей компании, эксплуатирующей внутридомовые инженерные системы жилого дома; сообщение о нарушении качества коммунальной услуги может быть сделано потребителем в письменной форме или устно (в том числе по телефону) и подлежит обязательной регистрации аварийно-диспетчерской службой управляющая компания обязана незамедлительно принять меры к выяснению причин.  в случае если сотруднику аварийно-диспетчерской службы исполнителя известны причины нарушения качества коммунальной услуги, он обязан немедленно сообщить об этом обратившемуся потребителю и сделать соответствующую отметку в журнале регистрации сообщений. "
Кто может включить свет в ночное время после погашения задолженности?,"Предоставление коммунальной услуги по электроснабжению возобновляется сотрудниками АО «Мосэнергосбыт» в рабочее время в течение 2 календарных дней со дня полного погашения задолженности и оплаты расходов исполнителя по введению ограничения, приостановлению и возобновлению предоставления коммунальной услуги."
Почему отключается электроэнергия от 2 до 20 секунд?,Перерывы во внешнем электроснабжении до 30 секунд имеют технологический характер вследствие работы автоматов включения резервного питания по причине повреждения линий электропередачи и (или) оборудования для обеспечения электрической энергией потребителей в соответствии с категорией надежности электроснабжения. 
Я живу в частном доме. Куда обращаться для выяснения причин некачественной поставки электрической энергии?,"Порядок действий потребителя при установлении факта предоставления коммунальных услуг ненадлежащего качества и (или) с перерывами, превышающими установленную продолжительность прописан в разделе Х Правил предоставления коммунальных услуг собственникам и пользователям помещений в многоквартирных домах и жилых домах, утвержденных Постановлением Правительства РФ от 6 мая 2011 г. N 354. Жителю частного сектора в первую очередь необходимо сделать заявку в сетевую организацию, к сетям которой технологически присоединен жилой дом. Или написать заявление в АО «Мосэнергосбыт» о проведении проверки качества поставляемой электрической энергии. Письменное обращение можно направить на почтовый адрес АО «Мосэнергосбыт»: 117312, Российская Федерация, г. Москва, ул. Вавилова, д. 9 или обратиться с заявлением непосредственно в обслуживающее Вас отделение АО «Мосэнергосбыт» или ООО «МосОблЕИРЦ».  Вы можете направить свое письменное обращение в электронном виде по одному из каналов обращений: info@mosenergosbyt.ru «Виртуальная приемная» на сайте МЭС. ЛКК В целях исполнения обязательств по договору энергоснабжения АО «Мосэнергосбыт» заключает в интересах Потребителя договоры с сетевыми организациями на оказание услуг по передаче электрической энергии. Фактическую передачу электрической энергии Потребителю осуществляет сетевая компания. При исполнении договора сетевая организация обязана обеспечить передачу электрической энергии вточке поставки потребителя услуг (потребителя электрической энергии, в интересах которогозаключается договор), качество и параметры которой должны соответствовать техническим регламентам."
